xJNROKb,REGULAR,YL56002,"{'instrumentType': 'EQUITY', 'region': 'USA', 'universe': 'TOP1000', 'delay': 1, 'decay': 0, 'neutralization': 'SUBINDUSTRY', 'truncation': 0.08, 'pasteurization': 'ON', 'unitHandling': 'VERIFY', 'nanHandling': 'OFF', 'maxTrade': 'OFF', 'language': 'FASTEXPR', 'visualization': False, 'startDate': '2018-01-20', 'endDate': '2023-01-20'}","{'code': 'group_rank(ts_rank(fnd6_newqv1300_lnoq, 252), market)', 'description': None, 'operatorCount': 2}",2025-09-26T05:58:15-04:00,,2025-09-26T05:58:16-04:00,,False,False,,,[],"[{'id': 'DATA_USAGE:SINGLE_DATA_SET', 'name': 'Single Data Set Alpha'}]",INFERIOR,IS,UNSUBMITTED,"{'pnl': -373312, 'bookSize': 20000000, 'longCount': 60, 'shortCount': 60, 'turnover': 0.0983, 'returns': -0.0075, 'drawdown': 0.1951, 'margin': -0.000153, 'sharpe': -0.12, 'fitness': -0.03, 'startDate': '2018-01-20', 'checks': [{'name': 'LOW_SHARPE', 'result': 'FAIL', 'limit': 1.25, 'value': -0.12}, {'name': 'LOW_FITNESS', 'result': 'FAIL', 'limit': 1.0, 'value': -0.03}, {'name': 'LOW_TURNOVER', 'result': 'PASS', 'limit': 0.01, 'value': 0.0983}, {'name': 'HIGH_TURNOVER', 'result': 'PASS', 'limit': 0.7, 'value': 0.0983}, {'name': 'CONCENTRATED_WEIGHT', 'result': 'PASS'}, {'name': 'LOW_SUB_UNIVERSE_SHARPE', 'result': 'PASS', 'limit': -0.06, 'value': 0.16}, {'name': 'SELF_CORRELATION', 'result': 'PENDING'}, {'name': 'MATCHES_COMPETITION', 'result': 'PASS', 'competitions': [{'id': 'challenge', 'name': 'Challenge'}]}]}",,,,,,,,,
01pz0Xk,REGULAR,YL56002,"{'instrumentType': 'EQUITY', 'region': 'USA', 'universe': 'TOP1000', 'delay': 1, 'decay': 0, 'neutralization': 'SUBINDUSTRY', 'truncation': 0.08, 'pasteurization': 'ON', 'unitHandling': 'VERIFY', 'nanHandling': 'OFF', 'maxTrade': 'OFF', 'language': 'FASTEXPR', 'visualization': False, 'startDate': '2018-01-20', 'endDate': '2023-01-20'}","{'code': 'group_rank(ts_rank(fnd6_newqv1300_lnoq, 66), densify(pv13_h_f1_sector))', 'description': None, 'operatorCount': 3}",2025-09-26T05:58:54-04:00,,2025-09-26T05:58:54-04:00,,False,False,,,[],[],INFERIOR,IS,UNSUBMITTED,"{'pnl': -41003, 'bookSize': 20000000, 'longCount': 232, 'shortCount': 222, 'turnover': 0.1215, 'returns': -0.0008, 'drawdown': 0.1956, 'margin': -1.4e-05, 'sharpe': -0.01, 'fitness': -0.0, 'startDate': '2018-01-20', 'checks': [{'name': 'LOW_SHARPE', 'result': 'FAIL', 'limit': 1.25, 'value': -0.01}, {'name': 'LOW_FITNESS', 'result': 'FAIL', 'limit': 1.0, 'value': -0.0}, {'name': 'LOW_TURNOVER', 'result': 'PASS', 'limit': 0.01, 'value': 0.1215}, {'name': 'HIGH_TURNOVER', 'result': 'PASS', 'limit': 0.7, 'value': 0.1215}, {'name': 'CONCENTRATED_WEIGHT', 'result': 'FAIL', 'date': '2021-02-18', 'limit': 0.1, 'value': 0.101278}, {'name': 'LOW_SUB_UNIVERSE_SHARPE', 'result': 'FAIL', 'limit': -0.01, 'value': -0.16}, {'name': 'SELF_CORRELATION', 'result': 'PENDING'}, {'name': 'MATCHES_COMPETITION', 'result': 'PASS', 'competitions': [{'id': 'challenge', 'name': 'Challenge'}]}]}",,,,,,,,,
AoGkYpY,REGULAR,YL56002,"{'instrumentType': 'EQUITY', 'region': 'USA', 'universe': 'TOP1000', 'delay': 1, 'decay': 0, 'neutralization': 'SUBINDUSTRY', 'truncation': 0.08, 'pasteurization': 'ON', 'unitHandling': 'VERIFY', 'nanHandling': 'OFF', 'maxTrade': 'OFF', 'language': 'FASTEXPR', 'visualization': False, 'startDate': '2018-01-20', 'endDate': '2023-01-20'}","{'code': 'group_rank(ts_rank(fnd6_newqv1300_lnoq, 252), industry)', 'description': None, 'operatorCount': 2}",2025-09-26T05:59:56-04:00,,2025-09-26T05:59:56-04:00,,False,False,,,[],"[{'id': 'DATA_USAGE:SINGLE_DATA_SET', 'name': 'Single Data Set Alpha'}]",INFERIOR,IS,UNSUBMITTED,"{'pnl': -588341, 'bookSize': 20000000, 'longCount': 58, 'shortCount': 59, 'turnover': 0.1019, 'returns': -0.0119, 'drawdown': 0.2209, 'margin': -0.000233, 'sharpe': -0.2, 'fitness': -0.06, 'startDate': '2018-01-20', 'checks': [{'name': 'LOW_SHARPE', 'result': 'FAIL', 'limit': 1.25, 'value': -0.2}, {'name': 'LOW_FITNESS', 'result': 'FAIL', 'limit': 1.0, 'value': -0.06}, {'name': 'LOW_TURNOVER', 'result': 'PASS', 'limit': 0.01, 'value': 0.1019}, {'name': 'HIGH_TURNOVER', 'result': 'PASS', 'limit': 0.7, 'value': 0.1019}, {'name': 'CONCENTRATED_WEIGHT', 'result': 'PASS'}, {'name': 'LOW_SUB_UNIVERSE_SHARPE', 'result': 'PASS', 'limit': -0.11, 'value': 0.09}, {'name': 'SELF_CORRELATION', 'result': 'PENDING'}, {'name': 'MATCHES_COMPETITION', 'result': 'PASS', 'competitions': [{'id': 'challenge', 'name': 'Challenge'}]}]}",,,,,,,,,
01pzKXG,REGULAR,YL56002,"{'instrumentType': 'EQUITY', 'region': 'USA', 'universe': 'TOP1000', 'delay': 1, 'decay': 0, 'neutralization': 'SUBINDUSTRY', 'truncation': 0.08, 'pasteurization': 'ON', 'unitHandling': 'VERIFY', 'nanHandling': 'OFF', 'maxTrade': 'OFF', 'language': 'FASTEXPR', 'visualization': False, 'startDate': '2018-01-20', 'endDate': '2023-01-20'}","{'code': 'group_rank(ts_rank(fnd6_newqv1300_lnoq, 252), subindustry)', 'description': None, 'operatorCount': 2}",2025-09-26T06:00:18-04:00,,2025-09-26T06:00:19-04:00,,False,False,,,[],"[{'id': 'DATA_USAGE:SINGLE_DATA_SET', 'name': 'Single Data Set Alpha'}]",INFERIOR,IS,UNSUBMITTED,"{'pnl': -251485, 'bookSize': 20000000, 'longCount': 55, 'shortCount': 55, 'turnover': 0.1021, 'returns': -0.0051, 'drawdown': 0.1945, 'margin': -0.0001, 'sharpe': -0.09, 'fitness': -0.02, 'startDate': '2018-01-20', 'checks': [{'name': 'LOW_SHARPE', 'result': 'FAIL', 'limit': 1.25, 'value': -0.09}, {'name': 'LOW_FITNESS', 'result': 'FAIL', 'limit': 1.0, 'value': -0.02}, {'name': 'LOW_TURNOVER', 'result': 'PASS', 'limit': 0.01, 'value': 0.1021}, {'name': 'HIGH_TURNOVER', 'result': 'PASS', 'limit': 0.7, 'value': 0.1021}, {'name': 'CONCENTRATED_WEIGHT', 'result': 'PASS'}, {'name': 'LOW_SUB_UNIVERSE_SHARPE', 'result': 'PASS', 'limit': -0.05, 'value': 0.14}, {'name': 'SELF_CORRELATION', 'result': 'PENDING'}, {'name': 'MATCHES_COMPETITION', 'result': 'PASS', 'competitions': [{'id': 'challenge', 'name': 'Challenge'}]}]}",,,,,,,,,
L0Gk9Gv,REGULAR,YL56002,"{'instrumentType': 'EQUITY', 'region': 'USA', 'universe': 'TOP1000', 'delay': 1, 'decay': 0, 'neutralization': 'SUBINDUSTRY', 'truncation': 0.08, 'pasteurization': 'ON', 'unitHandling': 'VERIFY', 'nanHandling': 'OFF', 'maxTrade': 'OFF', 'language': 'FASTEXPR', 'visualization': False, 'startDate': '2018-01-20', 'endDate': '2023-01-20'}","{'code': 'group_rank(ts_rank(fnd6_newqv1300_lnoq, 252), sector)', 'description': None, 'operatorCount': 2}",2025-09-26T06:01:43-04:00,,2025-09-26T06:01:43-04:00,,False,False,,,[],"[{'id': 'DATA_USAGE:SINGLE_DATA_SET', 'name': 'Single Data Set Alpha'}]",INFERIOR,IS,UNSUBMITTED,"{'pnl': -453213, 'bookSize': 20000000, 'longCount': 60, 'shortCount': 59, 'turnover': 0.1002, 'returns': -0.0092, 'drawdown': 0.2106, 'margin': -0.000183, 'sharpe': -0.15, 'fitness': -0.04, 'startDate': '2018-01-20', 'checks': [{'name': 'LOW_SHARPE', 'result': 'FAIL', 'limit': 1.25, 'value': -0.15}, {'name': 'LOW_FITNESS', 'result': 'FAIL', 'limit': 1.0, 'value': -0.04}, {'name': 'LOW_TURNOVER', 'result': 'PASS', 'limit': 0.01, 'value': 0.1002}, {'name': 'HIGH_TURNOVER', 'result': 'PASS', 'limit': 0.7, 'value': 0.1002}, {'name': 'CONCENTRATED_WEIGHT', 'result': 'PASS'}, {'name': 'LOW_SUB_UNIVERSE_SHARPE', 'result': 'PASS', 'limit': -0.08, 'value': 0.15}, {'name': 'SELF_CORRELATION', 'result': 'PENDING'}, {'name': 'MATCHES_COMPETITION', 'result': 'PASS', 'competitions': [{'id': 'challenge', 'name': 'Challenge'}]}]}",,,,,,,,,
23pJAVw,REGULAR,YL56002,"{'instrumentType': 'EQUITY', 'region': 'USA', 'universe': 'TOP1000', 'delay': 1, 'decay': 0, 'neutralization': 'SUBINDUSTRY', 'truncation': 0.08, 'pasteurization': 'ON', 'unitHandling': 'VERIFY', 'nanHandling': 'OFF', 'maxTrade': 'OFF', 'language': 'FASTEXPR', 'visualization': False, 'startDate': '2018-01-20', 'endDate': '2023-01-20'}","{'code': 'group_rank(ts_rank(fnd6_newqv1300_lnoq, 252), densify(pv13_h_f1_sector))', 'description': None, 'operatorCount': 3}",2025-09-26T06:02:19-04:00,,2025-09-26T06:02:20-04:00,,False,False,,,[],[],INFERIOR,IS,UNSUBMITTED,"{'pnl': -968431, 'bookSize': 20000000, 'longCount': 232, 'shortCount': 228, 'turnover': 0.1076, 'returns': -0.0196, 'drawdown': 0.2284, 'margin': -0.000364, 'sharpe': -0.35, 'fitness': -0.14, 'startDate': '2018-01-20', 'checks': [{'name': 'LOW_SHARPE', 'result': 'FAIL', 'limit': 1.25, 'value': -0.35}, {'name': 'LOW_FITNESS', 'result': 'FAIL', 'limit': 1.0, 'value': -0.14}, {'name': 'LOW_TURNOVER', 'result': 'PASS', 'limit': 0.01, 'value': 0.1076}, {'name': 'HIGH_TURNOVER', 'result': 'PASS', 'limit': 0.7, 'value': 0.1076}, {'name': 'CONCENTRATED_WEIGHT', 'result': 'PASS'}, {'name': 'LOW_SUB_UNIVERSE_SHARPE', 'result': 'PASS', 'limit': -0.19, 'value': 0.01}, {'name': 'SELF_CORRELATION', 'result': 'PENDING'}, {'name': 'MATCHES_COMPETITION', 'result': 'PASS', 'competitions': [{'id': 'challenge', 'name': 'Challenge'}]}]}",,,,,,,,,
23pJ6M5,REGULAR,YL56002,"{'instrumentType': 'EQUITY', 'region': 'USA', 'universe': 'TOP1000', 'delay': 1, 'decay': 0, 'neutralization': 'SUBINDUSTRY', 'truncation': 0.08, 'pasteurization': 'ON', 'unitHandling': 'VERIFY', 'nanHandling': 'OFF', 'maxTrade': 'OFF', 'language': 'FASTEXPR', 'visualization': False, 'startDate': '2018-01-20', 'endDate': '2023-01-20'}","{'code': 'group_rank(ts_rank(fnd6_newqv1300_lol2q, 66), market)', 'description': None, 'operatorCount': 2}",2025-09-26T06:02:55-04:00,,2025-09-26T06:02:55-04:00,,False,False,,,[],"[{'id': 'DATA_USAGE:SINGLE_DATA_SET', 'name': 'Single Data Set Alpha'}]",INFERIOR,IS,UNSUBMITTED,"{'pnl': -885428, 'bookSize': 20000000, 'longCount': 290, 'shortCount': 288, 'turnover': 0.1075, 'returns': -0.0179, 'drawdown': 0.1346, 'margin': -0.000333, 'sharpe': -0.5, 'fitness': -0.19, 'startDate': '2018-01-20', 'checks': [{'name': 'LOW_SHARPE', 'result': 'FAIL', 'limit': 1.25, 'value': -0.5}, {'name': 'LOW_FITNESS', 'result': 'FAIL', 'limit': 1.0, 'value': -0.19}, {'name': 'LOW_TURNOVER', 'result': 'PASS', 'limit': 0.01, 'value': 0.1075}, {'name': 'HIGH_TURNOVER', 'result': 'PASS', 'limit': 0.7, 'value': 0.1075}, {'name': 'CONCENTRATED_WEIGHT', 'result': 'PASS'}, {'name': 'LOW_SUB_UNIVERSE_SHARPE', 'result': 'FAIL', 'limit': -0.27, 'value': -0.44}, {'name': 'SELF_CORRELATION', 'result': 'PENDING'}, {'name': 'MATCHES_COMPETITION', 'result': 'PASS', 'competitions': [{'id': 'challenge', 'name': 'Challenge'}]}]}",,,,,,,,,
zlNOV5d,REGULAR,YL56002,"{'instrumentType': 'EQUITY', 'region': 'USA', 'universe': 'TOP1000', 'delay': 1, 'decay': 0, 'neutralization': 'SUBINDUSTRY', 'truncation': 0.08, 'pasteurization': 'ON', 'unitHandling': 'VERIFY', 'nanHandling': 'OFF', 'maxTrade': 'OFF', 'language': 'FASTEXPR', 'visualization': False, 'startDate': '2018-01-20', 'endDate': '2023-01-20'}","{'code': 'group_rank(ts_rank(fnd6_newqv1300_lol2q, 66), industry)', 'description': None, 'operatorCount': 2}",2025-09-26T06:04:05-04:00,,2025-09-26T06:04:06-04:00,,False,False,,,[],"[{'id': 'DATA_USAGE:SINGLE_DATA_SET', 'name': 'Single Data Set Alpha'}]",INFERIOR,IS,UNSUBMITTED,"{'pnl': -718707, 'bookSize': 20000000, 'longCount': 287, 'shortCount': 283, 'turnover': 0.1155, 'returns': -0.0145, 'drawdown': 0.1255, 'margin': -0.000251, 'sharpe': -0.4, 'fitness': -0.14, 'startDate': '2018-01-20', 'checks': [{'name': 'LOW_SHARPE', 'result': 'FAIL', 'limit': 1.25, 'value': -0.4}, {'name': 'LOW_FITNESS', 'result': 'FAIL', 'limit': 1.0, 'value': -0.14}, {'name': 'LOW_TURNOVER', 'result': 'PASS', 'limit': 0.01, 'value': 0.1155}, {'name': 'HIGH_TURNOVER', 'result': 'PASS', 'limit': 0.7, 'value': 0.1155}, {'name': 'CONCENTRATED_WEIGHT', 'result': 'PASS'}, {'name': 'LOW_SUB_UNIVERSE_SHARPE', 'result': 'FAIL', 'limit': -0.21, 'value': -0.3}, {'name': 'SELF_CORRELATION', 'result': 'PENDING'}, {'name': 'MATCHES_COMPETITION', 'result': 'PASS', 'competitions': [{'id': 'challenge', 'name': 'Challenge'}]}]}",,,,,,,,,
L0GkQQ2,REGULAR,YL56002,"{'instrumentType': 'EQUITY', 'region': 'USA', 'universe': 'TOP1000', 'delay': 1, 'decay': 0, 'neutralization': 'SUBINDUSTRY', 'truncation': 0.08, 'pasteurization': 'ON', 'unitHandling': 'VERIFY', 'nanHandling': 'OFF', 'maxTrade': 'OFF', 'language': 'FASTEXPR', 'visualization': False, 'startDate': '2018-01-20', 'endDate': '2023-01-20'}","{'code': 'group_rank(ts_rank(fnd6_newqv1300_lol2q, 66), subindustry)', 'description': None, 'operatorCount': 2}",2025-09-26T06:04:11-04:00,,2025-09-26T06:04:11-04:00,,False,False,,,[],"[{'id': 'DATA_USAGE:SINGLE_DATA_SET', 'name': 'Single Data Set Alpha'}]",INFERIOR,IS,UNSUBMITTED,"{'pnl': -519712, 'bookSize': 20000000, 'longCount': 266, 'shortCount': 265, 'turnover': 0.1078, 'returns': -0.0105, 'drawdown': 0.1147, 'margin': -0.000195, 'sharpe': -0.31, 'fitness': -0.09, 'startDate': '2018-01-20', 'checks': [{'name': 'LOW_SHARPE', 'result': 'FAIL', 'limit': 1.25, 'value': -0.31}, {'name': 'LOW_FITNESS', 'result': 'FAIL', 'limit': 1.0, 'value': -0.09}, {'name': 'LOW_TURNOVER', 'result': 'PASS', 'limit': 0.01, 'value': 0.1078}, {'name': 'HIGH_TURNOVER', 'result': 'PASS', 'limit': 0.7, 'value': 0.1078}, {'name': 'CONCENTRATED_WEIGHT', 'result': 'PASS'}, {'name': 'LOW_SUB_UNIVERSE_SHARPE', 'result': 'FAIL', 'limit': -0.16, 'value': -0.17}, {'name': 'SELF_CORRELATION', 'result': 'PENDING'}, {'name': 'MATCHES_COMPETITION', 'result': 'PASS', 'competitions': [{'id': 'challenge', 'name': 'Challenge'}]}]}",,,,,,,,,
xJNngEW,REGULAR,YL56002,"{'instrumentType': 'EQUITY', 'region': 'USA', 'universe': 'TOP1000', 'delay': 1, 'decay': 0, 'neutralization': 'SUBINDUSTRY', 'truncation': 0.08, 'pasteurization': 'ON', 'unitHandling': 'VERIFY', 'nanHandling': 'OFF', 'maxTrade': 'OFF', 'language': 'FASTEXPR', 'visualization': False, 'startDate': '2018-01-20', 'endDate': '2023-01-20'}","{'code': 'group_rank(ts_rank(fnd6_newqv1300_lol2q, 66), sector)', 'description': None, 'operatorCount': 2}",2025-09-26T06:05:27-04:00,,2025-09-26T06:05:27-04:00,,False,False,,,[],"[{'id': 'DATA_USAGE:SINGLE_DATA_SET', 'name': 'Single Data Set Alpha'}]",INFERIOR,IS,UNSUBMITTED,"{'pnl': -800044, 'bookSize': 20000000, 'longCount': 289, 'shortCount': 288, 'turnover': 0.1124, 'returns': -0.0162, 'drawdown': 0.1308, 'margin': -0.000288, 'sharpe': -0.45, 'fitness': -0.16, 'startDate': '2018-01-20', 'checks': [{'name': 'LOW_SHARPE', 'result': 'FAIL', 'limit': 1.25, 'value': -0.45}, {'name': 'LOW_FITNESS', 'result': 'FAIL', 'limit': 1.0, 'value': -0.16}, {'name': 'LOW_TURNOVER', 'result': 'PASS', 'limit': 0.01, 'value': 0.1124}, {'name': 'HIGH_TURNOVER', 'result': 'PASS', 'limit': 0.7, 'value': 0.1124}, {'name': 'CONCENTRATED_WEIGHT', 'result': 'PASS'}, {'name': 'LOW_SUB_UNIVERSE_SHARPE', 'result': 'FAIL', 'limit': -0.24, 'value': -0.29}, {'name': 'SELF_CORRELATION', 'result': 'PENDING'}, {'name': 'MATCHES_COMPETITION', 'result': 'PASS', 'competitions': [{'id': 'challenge', 'name': 'Challenge'}]}]}",,,,,,,,,
J6Gd0rl,REGULAR,YL56002,"{'instrumentType': 'EQUITY', 'region': 'USA', 'universe': 'TOP1000', 'delay': 1, 'decay': 0, 'neutralization': 'SUBINDUSTRY', 'truncation': 0.08, 'pasteurization': 'ON', 'unitHandling': 'VERIFY', 'nanHandling': 'OFF', 'maxTrade': 'OFF', 'language': 'FASTEXPR', 'visualization': False, 'startDate': '2018-01-20', 'endDate': '2023-01-20'}","{'code': 'group_rank(ts_rank(fnd6_newqv1300_lol2q, 66), densify(pv13_h_f1_sector))', 'description': None, 'operatorCount': 3}",2025-09-26T06:06:04-04:00,,2025-09-26T06:06:04-04:00,,False,False,,,[],[],INFERIOR,IS,UNSUBMITTED,"{'pnl': -555796, 'bookSize': 20000000, 'longCount': 299, 'shortCount': 299, 'turnover': 0.1202, 'returns': -0.0112, 'drawdown': 0.1162, 'margin': -0.000187, 'sharpe': -0.32, 'fitness': -0.1, 'startDate': '2018-01-20', 'checks': [{'name': 'LOW_SHARPE', 'result': 'FAIL', 'limit': 1.25, 'value': -0.32}, {'name': 'LOW_FITNESS', 'result': 'FAIL', 'limit': 1.0, 'value': -0.1}, {'name': 'LOW_TURNOVER', 'result': 'PASS', 'limit': 0.01, 'value': 0.1202}, {'name': 'HIGH_TURNOVER', 'result': 'PASS', 'limit': 0.7, 'value': 0.1202}, {'name': 'CONCENTRATED_WEIGHT', 'result': 'PASS'}, {'name': 'LOW_SUB_UNIVERSE_SHARPE', 'result': 'FAIL', 'limit': -0.17, 'value': -0.2}, {'name': 'SELF_CORRELATION', 'result': 'PENDING'}, {'name': 'MATCHES_COMPETITION', 'result': 'PASS', 'competitions': [{'id': 'challenge', 'name': 'Challenge'}]}]}",,,,,,,,,
qQNXAbO,REGULAR,YL56002,"{'instrumentType': 'EQUITY', 'region': 'USA', 'universe': 'TOP1000', 'delay': 1, 'decay': 0, 'neutralization': 'SUBINDUSTRY', 'truncation': 0.08, 'pasteurization': 'ON', 'unitHandling': 'VERIFY', 'nanHandling': 'OFF', 'maxTrade': 'OFF', 'language': 'FASTEXPR', 'visualization': False, 'startDate': '2018-01-20', 'endDate': '2023-01-20'}","{'code': 'group_rank(ts_rank(fnd6_newqv1300_lol2q, 252), industry)', 'description': None, 'operatorCount': 2}",2025-09-26T06:07:18-04:00,,2025-09-26T06:07:18-04:00,,False,False,,,[],"[{'id': 'DATA_USAGE:SINGLE_DATA_SET', 'name': 'Single Data Set Alpha'}]",INFERIOR,IS,UNSUBMITTED,"{'pnl': -702244, 'bookSize': 20000000, 'longCount': 299, 'shortCount': 289, 'turnover': 0.1027, 'returns': -0.0142, 'drawdown': 0.1375, 'margin': -0.000276, 'sharpe': -0.41, 'fitness': -0.14, 'startDate': '2018-01-20', 'checks': [{'name': 'LOW_SHARPE', 'result': 'FAIL', 'limit': 1.25, 'value': -0.41}, {'name': 'LOW_FITNESS', 'result': 'FAIL', 'limit': 1.0, 'value': -0.14}, {'name': 'LOW_TURNOVER', 'result': 'PASS', 'limit': 0.01, 'value': 0.1027}, {'name': 'HIGH_TURNOVER', 'result': 'PASS', 'limit': 0.7, 'value': 0.1027}, {'name': 'CONCENTRATED_WEIGHT', 'result': 'PASS'}, {'name': 'LOW_SUB_UNIVERSE_SHARPE', 'result': 'FAIL', 'limit': -0.22, 'value': -0.39}, {'name': 'SELF_CORRELATION', 'result': 'PENDING'}, {'name': 'MATCHES_COMPETITION', 'result': 'PASS', 'competitions': [{'id': 'challenge', 'name': 'Challenge'}]}]}",,,,,,,,,
w0aelRx,REGULAR,YL56002,"{'instrumentType': 'EQUITY', 'region': 'USA', 'universe': 'TOP1000', 'delay': 1, 'decay': 0, 'neutralization': 'SUBINDUSTRY', 'truncation': 0.08, 'pasteurization': 'ON', 'unitHandling': 'VERIFY', 'nanHandling': 'OFF', 'maxTrade': 'OFF', 'language': 'FASTEXPR', 'visualization': False, 'startDate': '2018-01-20', 'endDate': '2023-01-20'}","{'code': 'group_rank(ts_rank(fnd6_newqv1300_lol2q, 252), market)', 'description': None, 'operatorCount': 2}",2025-09-26T06:07:29-04:00,,2025-09-26T06:07:29-04:00,,False,False,,,[],"[{'id': 'DATA_USAGE:SINGLE_DATA_SET', 'name': 'Single Data Set Alpha'}]",INFERIOR,IS,UNSUBMITTED,"{'pnl': -938187, 'bookSize': 20000000, 'longCount': 301, 'shortCount': 293, 'turnover': 0.0945, 'returns': -0.019, 'drawdown': 0.1555, 'margin': -0.000401, 'sharpe': -0.53, 'fitness': -0.21, 'startDate': '2018-01-20', 'checks': [{'name': 'LOW_SHARPE', 'result': 'FAIL', 'limit': 1.25, 'value': -0.53}, {'name': 'LOW_FITNESS', 'result': 'FAIL', 'limit': 1.0, 'value': -0.21}, {'name': 'LOW_TURNOVER', 'result': 'PASS', 'limit': 0.01, 'value': 0.0945}, {'name': 'HIGH_TURNOVER', 'result': 'PASS', 'limit': 0.7, 'value': 0.0945}, {'name': 'CONCENTRATED_WEIGHT', 'result': 'PASS'}, {'name': 'LOW_SUB_UNIVERSE_SHARPE', 'result': 'FAIL', 'limit': -0.28, 'value': -0.49}, {'name': 'SELF_CORRELATION', 'result': 'PENDING'}, {'name': 'MATCHES_COMPETITION', 'result': 'PASS', 'competitions': [{'id': 'challenge', 'name': 'Challenge'}]}]}",,,,,,,,,
p9N7a06,REGULAR,YL56002,"{'instrumentType': 'EQUITY', 'region': 'USA', 'universe': 'TOP1000', 'delay': 1, 'decay': 0, 'neutralization': 'SUBINDUSTRY', 'truncation': 0.08, 'pasteurization': 'ON', 'unitHandling': 'VERIFY', 'nanHandling': 'OFF', 'maxTrade': 'OFF', 'language': 'FASTEXPR', 'visualization': False, 'startDate': '2018-01-20', 'endDate': '2023-01-20'}","{'code': 'group_rank(ts_rank(fnd6_newqv1300_lol2q, 252), subindustry)', 'description': None, 'operatorCount': 2}",2025-09-26T06:08:46-04:00,,2025-09-26T06:08:46-04:00,,False,False,,,[],"[{'id': 'DATA_USAGE:SINGLE_DATA_SET', 'name': 'Single Data Set Alpha'}]",INFERIOR,IS,UNSUBMITTED,"{'pnl': -551834, 'bookSize': 20000000, 'longCount': 279, 'shortCount': 274, 'turnover': 0.0964, 'returns': -0.0112, 'drawdown': 0.117, 'margin': -0.000231, 'sharpe': -0.35, 'fitness': -0.1, 'startDate': '2018-01-20', 'checks': [{'name': 'LOW_SHARPE', 'result': 'FAIL', 'limit': 1.25, 'value': -0.35}, {'name': 'LOW_FITNESS', 'result': 'FAIL', 'limit': 1.0, 'value': -0.1}, {'name': 'LOW_TURNOVER', 'result': 'PASS', 'limit': 0.01, 'value': 0.0964}, {'name': 'HIGH_TURNOVER', 'result': 'PASS', 'limit': 0.7, 'value': 0.0964}, {'name': 'CONCENTRATED_WEIGHT', 'result': 'PASS'}, {'name': 'LOW_SUB_UNIVERSE_SHARPE', 'result': 'FAIL', 'limit': -0.19, 'value': -0.24}, {'name': 'SELF_CORRELATION', 'result': 'PENDING'}, {'name': 'MATCHES_COMPETITION', 'result': 'PASS', 'competitions': [{'id': 'challenge', 'name': 'Challenge'}]}]}",,,,,,,,,
RGmre5a,REGULAR,YL56002,"{'instrumentType': 'EQUITY', 'region': 'USA', 'universe': 'TOP1000', 'delay': 1, 'decay': 0, 'neutralization': 'SUBINDUSTRY', 'truncation': 0.08, 'pasteurization': 'ON', 'unitHandling': 'VERIFY', 'nanHandling': 'OFF', 'maxTrade': 'OFF', 'language': 'FASTEXPR', 'visualization': False, 'startDate': '2018-01-20', 'endDate': '2023-01-20'}","{'code': 'group_rank(ts_rank(fnd6_newqv1300_lol2q, 252), sector)', 'description': None, 'operatorCount': 2}",2025-09-26T06:08:50-04:00,,2025-09-26T06:08:51-04:00,,False,False,,,[],"[{'id': 'DATA_USAGE:SINGLE_DATA_SET', 'name': 'Single Data Set Alpha'}]",INFERIOR,IS,UNSUBMITTED,"{'pnl': -810506, 'bookSize': 20000000, 'longCount': 300, 'shortCount': 294, 'turnover': 0.0993, 'returns': -0.0164, 'drawdown': 0.1404, 'margin': -0.00033, 'sharpe': -0.45, 'fitness': -0.16, 'startDate': '2018-01-20', 'checks': [{'name': 'LOW_SHARPE', 'result': 'FAIL', 'limit': 1.25, 'value': -0.45}, {'name': 'LOW_FITNESS', 'result': 'FAIL', 'limit': 1.0, 'value': -0.16}, {'name': 'LOW_TURNOVER', 'result': 'PASS', 'limit': 0.01, 'value': 0.0993}, {'name': 'HIGH_TURNOVER', 'result': 'PASS', 'limit': 0.7, 'value': 0.0993}, {'name': 'CONCENTRATED_WEIGHT', 'result': 'PASS'}, {'name': 'LOW_SUB_UNIVERSE_SHARPE', 'result': 'FAIL', 'limit': -0.24, 'value': -0.47}, {'name': 'SELF_CORRELATION', 'result': 'PENDING'}, {'name': 'MATCHES_COMPETITION', 'result': 'PASS', 'competitions': [{'id': 'challenge', 'name': 'Challenge'}]}]}",,,,,,,,,
gn83NdJ,REGULAR,YL56002,"{'instrumentType': 'EQUITY', 'region': 'USA', 'universe': 'TOP1000', 'delay': 1, 'decay': 0, 'neutralization': 'SUBINDUSTRY', 'truncation': 0.08, 'pasteurization': 'ON', 'unitHandling': 'VERIFY', 'nanHandling': 'OFF', 'maxTrade': 'OFF', 'language': 'FASTEXPR', 'visualization': False, 'startDate': '2018-01-20', 'endDate': '2023-01-20'}","{'code': 'group_rank(ts_rank(fnd6_newqv1300_loq, 66), market)', 'description': None, 'operatorCount': 2}",2025-09-26T06:10:17-04:00,,2025-09-26T06:10:17-04:00,,False,False,,,[],"[{'id': 'DATA_USAGE:SINGLE_DATA_SET', 'name': 'Single Data Set Alpha'}]",INFERIOR,IS,UNSUBMITTED,"{'pnl': 603501, 'bookSize': 20000000, 'longCount': 466, 'shortCount': 462, 'turnover': 0.0996, 'returns': 0.0122, 'drawdown': 0.0496, 'margin': 0.000245, 'sharpe': 0.39, 'fitness': 0.12, 'startDate': '2018-01-20', 'checks': [{'name': 'LOW_SHARPE', 'result': 'FAIL', 'limit': 1.25, 'value': 0.39}, {'name': 'LOW_FITNESS', 'result': 'FAIL', 'limit': 1.0, 'value': 0.12}, {'name': 'LOW_TURNOVER', 'result': 'PASS', 'limit': 0.01, 'value': 0.0996}, {'name': 'HIGH_TURNOVER', 'result': 'PASS', 'limit': 0.7, 'value': 0.0996}, {'name': 'CONCENTRATED_WEIGHT', 'result': 'PASS'}, {'name': 'LOW_SUB_UNIVERSE_SHARPE', 'result': 'FAIL', 'limit': 0.21, 'value': 0.13}, {'name': 'SELF_CORRELATION', 'result': 'PENDING'}, {'name': 'MATCHES_COMPETITION', 'result': 'PASS', 'competitions': [{'id': 'challenge', 'name': 'Challenge'}]}]}",,,,,,,,,
MJGxvnL,REGULAR,YL56002,"{'instrumentType': 'EQUITY', 'region': 'USA', 'universe': 'TOP1000', 'delay': 1, 'decay': 0, 'neutralization': 'SUBINDUSTRY', 'truncation': 0.08, 'pasteurization': 'ON', 'unitHandling': 'VERIFY', 'nanHandling': 'OFF', 'maxTrade': 'OFF', 'language': 'FASTEXPR', 'visualization': False, 'startDate': '2018-01-20', 'endDate': '2023-01-20'}","{'code': 'group_rank(ts_rank(fnd6_newqv1300_lol2q, 252), densify(pv13_h_f1_sector))', 'description': None, 'operatorCount': 3}",2025-09-26T06:10:18-04:00,,2025-09-26T06:10:18-04:00,,False,False,,,[],[],INFERIOR,IS,UNSUBMITTED,"{'pnl': -881201, 'bookSize': 20000000, 'longCount': 304, 'shortCount': 300, 'turnover': 0.1074, 'returns': -0.0178, 'drawdown': 0.1484, 'margin': -0.000332, 'sharpe': -0.52, 'fitness': -0.2, 'startDate': '2018-01-20', 'checks': [{'name': 'LOW_SHARPE', 'result': 'FAIL', 'limit': 1.25, 'value': -0.52}, {'name': 'LOW_FITNESS', 'result': 'FAIL', 'limit': 1.0, 'value': -0.2}, {'name': 'LOW_TURNOVER', 'result': 'PASS', 'limit': 0.01, 'value': 0.1074}, {'name': 'HIGH_TURNOVER', 'result': 'PASS', 'limit': 0.7, 'value': 0.1074}, {'name': 'CONCENTRATED_WEIGHT', 'result': 'PASS'}, {'name': 'LOW_SUB_UNIVERSE_SHARPE', 'result': 'FAIL', 'limit': -0.28, 'value': -0.43}, {'name': 'SELF_CORRELATION', 'result': 'PENDING'}, {'name': 'MATCHES_COMPETITION', 'result': 'PASS', 'competitions': [{'id': 'challenge', 'name': 'Challenge'}]}]}",,,,,,,,,
ZOEpGwY,REGULAR,YL56002,"{'instrumentType': 'EQUITY', 'region': 'USA', 'universe': 'TOP1000', 'delay': 1, 'decay': 0, 'neutralization': 'SUBINDUSTRY', 'truncation': 0.08, 'pasteurization': 'ON', 'unitHandling': 'VERIFY', 'nanHandling': 'OFF', 'maxTrade': 'OFF', 'language': 'FASTEXPR', 'visualization': False, 'startDate': '2018-01-20', 'endDate': '2023-01-20'}","{'code': 'group_rank(ts_rank(fnd6_newqv1300_loq, 66), subindustry)', 'description': None, 'operatorCount': 2}",2025-09-26T06:11:48-04:00,,2025-09-26T06:11:48-04:00,,False,False,,,[],"[{'id': 'DATA_USAGE:SINGLE_DATA_SET', 'name': 'Single Data Set Alpha'}]",INFERIOR,IS,UNSUBMITTED,"{'pnl': 1344897, 'bookSize': 20000000, 'longCount': 434, 'shortCount': 439, 'turnover': 0.0816, 'returns': 0.0272, 'drawdown': 0.0381, 'margin': 0.000666, 'sharpe': 0.96, 'fitness': 0.45, 'startDate': '2018-01-20', 'checks': [{'name': 'LOW_SHARPE', 'result': 'FAIL', 'limit': 1.25, 'value': 0.96}, {'name': 'LOW_FITNESS', 'result': 'FAIL', 'limit': 1.0, 'value': 0.45}, {'name': 'LOW_TURNOVER', 'result': 'PASS', 'limit': 0.01, 'value': 0.0816}, {'name': 'HIGH_TURNOVER', 'result': 'PASS', 'limit': 0.7, 'value': 0.0816}, {'name': 'CONCENTRATED_WEIGHT', 'result': 'PASS'}, {'name': 'LOW_SUB_UNIVERSE_SHARPE', 'result': 'PASS', 'limit': 0.51, 'value': 0.83}, {'name': 'SELF_CORRELATION', 'result': 'PENDING'}, {'name': 'MATCHES_COMPETITION', 'result': 'PASS', 'competitions': [{'id': 'challenge', 'name': 'Challenge'}]}]}",,,,,,,,,
